,U-val,alternative,p-val,RBC,CLES
MWU,85.0,greater,0.5531469557818279,0.02857142857142858,0.4857142857142857
