,U-val,alternative,p-val,RBC,CLES
MWU,41.0,greater,0.7189592017178223,0.18000000000000005,0.41
