,Source,SS,DF1,DF2,MS,F,p-unc,np2,eps
0,group,6.099985805531117e-14,1,27,6.099985805531117e-14,0.22612579561040147,0.6382362672942845,0.008305470903497375,
1,electrode,1.8182417976366197e-13,6,162,3.030402996061033e-14,0.8862082797696004,0.5064466630765312,0.03177944706138164,0.17443515293221445
2,Interaction,2.910684960276132e-14,6,162,4.85114160046022e-15,0.14186634115167737,0.9903854968714363,0.005226845470703093,
